10:09:33.975652,-1.0155038982726816,-0.030065719060445622,0.06384535438212777,8.072653994449181e-05,0.01094027693250161,-0.0013384347298311368
10:09:34.000297,-1.0157329141913733,-0.029915343902674106,0.06436794146916722,0.00032017245065970587,0.014894930085946683,-0.0008182102096767589
10:09:34.024440,-1.01690680139994,-0.029857268610945096,0.06546162404420178,0.0002321933731008925,0.024360575999154657,-0.0007663732214493194
10:09:34.046419,-1.0182382847895532,-0.029942759960791532,0.06695303243742635,-0.0001326570524770137,0.03411604306749685,-0.0013290425828528225
10:09:34.068998,-1.020054916706363,-0.030158111144215273,0.06928487827867337,-0.0005523073017156534,0.046814050594816484,-0.0026806551538526404
10:09:34.092701,-1.0214508632147072,-0.0303150293759319,0.07150344395815522,-0.0007145864565383243,0.05683583347613495,-0.003657241366098724
10:09:34.114998,-1.0226202900383115,-0.03046421493977546,0.07485895464947717,-0.0008808431436790953,0.06521167996204412,-0.004472739277213113
10:09:34.136999,-1.023035044814904,-0.030501095780454353,0.07805803201784928,-0.0007315431078535914,0.06897287474092285,-0.004883888907832738
10:09:34.159077,-1.0230211018399589,-0.030507684818578854,0.0816824341072356,-0.0005700984101463725,0.0704805472497965,-0.005156958010472811
10:09:34.181992,-1.0227942607393123,-0.030487972780404837,0.0861706384169967,-0.0002921098097875976,0.07119575770201539,-0.00538950761238509
10:09:34.204000,-1.0225600378168194,-0.030494720746300098,0.08976056388030475,-0.00023088752373492296,0.07187311581647765,-0.005474799222007775
10:09:34.224997,-1.0222480517043016,-0.03050599581962013,0.09349303939829366,-0.000107799067926582,0.07236802691139653,-0.005642342258544132
10:09:34.245998,-1.0218949075409465,-0.030501255684663622,0.09735478821004025,7.512407583410978e-05,0.07267691052036508,-0.005725832443535323
10:09:34.270438,-1.0215146566832158,-0.030490690384455888,0.1018945716217572,0.00028285808698741524,0.07337089108104874,-0.005802622535924242
10:09:34.291247,-1.0211736873161887,-0.030499152283605318,0.10551541871927157,0.00031379781208798105,0.07409478661565093,-0.005872779540345452
10:09:34.313035,-1.0207501967119408,-0.030512221698466117,0.10925396243692283,0.000340404963696441,0.07472011543243147,-0.005965843022773589
10:09:34.336066,-1.0202212481663566,-0.03051669407811248,0.11374492812276565,0.0004300080151996785,0.07533923088007047,-0.006124820201010347
10:09:34.359036,-1.019725491130243,-0.03053308244475978,0.11735422702770763,0.0004222571090223989,0.07589450237166692,-0.006229728371119556
10:09:34.382408,-1.0191128312521327,-0.03052013089964804,0.1217060599935202,0.0005626433037885287,0.07647719382907066,-0.0062330842571914555
10:09:34.407002,-1.018534974312785,-0.0305048222433476,0.12582015765057528,0.0006473304241927874,0.07735879545917676,-0.006196046582585318
10:09:34.429029,-1.0179858845578929,-0.030506908274998773,0.1292241863853337,0.0006534825667515198,0.0781001742002859,-0.006201111864220482
10:09:34.452997,-1.0172291041517525,-0.03049718710607282,0.1334886388897238,0.0006984250438083722,0.07847767120057707,-0.006186849789839839
10:09:34.476029,-1.0165766077873277,-0.030496201762779115,0.13695865946961694,0.000702636419907778,0.07910647816255621,-0.006173624227462444
10:09:34.499000,-1.015796341587173,-0.030490929355848774,0.14096157394738984,0.0007234496416965258,0.07956104944841703,-0.006162211450242986
10:09:34.521376,-1.0150204187733813,-0.030492473800111653,0.14456337039557643,0.0008250946525562454,0.07998160363961507,-0.006242609564416749
10:09:34.545101,-1.014076872290891,-0.03048756575776884,0.148942359697169,0.0009826122011206981,0.08030951649291336,-0.006339575922519402
10:09:34.567088,-1.0132771431970924,-0.03049649061598909,0.15243912507680132,0.0008888121106627859,0.08101626711171027,-0.006311450124433583
10:09:34.590631,-1.0122747660451943,-0.030494609681595175,0.15666386597857535,0.0008786232493592242,0.08175874079448353,-0.006286168355870007
10:09:34.612999,-1.0113981275187411,-0.03049615592917179,0.16010860950651157,0.000884415375878014,0.08244813139831095,-0.006285364226710166
10:09:34.634261,-1.010404897681966,-0.030494526953443665,0.16373816644908953,0.0009724088205578997,0.08284299077657913,-0.0062848435124571
10:09:34.658032,-1.0091642135037244,-0.03047594439309362,0.1680934945781025,0.0011424046093578121,0.08306239522014182,-0.006289598819646696
10:09:34.679035,-1.008092581324768,-0.030469144016163966,0.17161527443095223,0.0011667409313833592,0.08320325168100351,-0.006283159215880053
10:09:34.701329,-1.006922065652652,-0.03046306079369862,0.17526790517397947,0.00123194307837929,0.08324357487387059,-0.00627695069745809
10:09:34.724454,-1.005577879135389,-0.030450006972197175,0.17951827403851606,0.001258733625743777,0.08377393262512825,-0.006293284641980529
10:09:34.746000,-1.004429730052295,-0.03044191390594212,0.18297669520419566,0.0012332849224767255,0.08412188393275236,-0.006312494888059575
10:09:34.767028,-1.0031551236390739,-0.030434723347034096,0.18657144560927583,0.0012853726266025822,0.08428375039288208,-0.006345053885411683
10:09:34.789999,-1.0016719809071961,-0.030418383299644004,0.19078721859381204,0.0013355094804275898,0.08472701792348071,-0.006403765715385292
10:09:34.812000,-1.0004245483420053,-0.0304165960015422,0.19419852468465387,0.0013623975958051593,0.08517204185440044,-0.006431928410847871
10:09:34.833000,-0.9991043229107243,-0.030406797633427383,0.1977127221624031,0.0014727940114222817,0.08570329462347819,-0.006532035021826056
10:09:34.856998,-0.997566867319957,-0.03037051119450104,0.2019279415173855,0.0017033709062883185,0.08602353773231554,-0.006439867019047113
10:09:34.878577,-0.9962845642016905,-0.03034899710889654,0.20535415951274902,0.0018206093644544744,0.0863419707328635,-0.006423313786624857
10:09:34.900105,-0.9949366200004468,-0.03033261688904676,0.20885622952471233,0.0018874560402587321,0.0868906296664446,-0.0064031504660824684
10:09:34.923001,-0.9933052654078367,-0.030319632489989472,0.2130168538410741,0.001970598731275588,0.08738668654541354,-0.006411524120022374
10:09:34.946009,-0.9919363816652899,-0.030315651740092046,0.21635786329032392,0.0019905331959153465,0.08789465443596485,-0.0064238957587115855
10:09:34.970488,-0.990228800644597,-0.03031049640011057,0.22037738918510172,0.0020407792633326564,0.08839008525250858,-0.006436725910699439
10:09:34.992009,-0.9888030651209785,-0.030290572580098263,0.22364770072453088,0.002163774204176474,0.08893858441049514,-0.006395175765058606
10:09:35.014992,-0.9870269405369245,-0.030252427411722013,0.22761917007450977,0.002336588480454156,0.08930831634109239,-0.006277374457139848
10:09:35.036993,-0.9854954839901781,-0.030230923557668,0.23088687903573685,0.002389461037760523,0.08954310759599719,-0.0062035070358656425
10:09:35.058992,-0.983835337114447,-0.030215365679248908,0.2342981263089531,0.0024472553387360953,0.08960153005053408,-0.0061497506167750805
10:09:35.079994,-0.98215938144863,-0.030201207669278606,0.23770524628829606,0.0025091536944573146,0.09025891997377383,-0.006102085856915034
10:09:35.102993,-0.9801632817302208,-0.030182404873553656,0.2417247655788976,0.0026500494537198783,0.09072836676598729,-0.006066625618777094
10:09:35.125012,-0.9784745899538093,-0.030173350956013797,0.24498466538394537,0.0027218091146083093,0.09099360125925446,-0.006050849395027293
10:09:35.149030,-0.9764520742029743,-0.030149338718979825,0.24881458787872085,0.0028537336641330916,0.09167588526722352,-0.006003674717272914
10:09:35.169995,-0.9747660439466876,-0.03013423927129133,0.2519503494140119,0.0029822992477029596,0.09229164464636554,-0.0060572617943592
10:09:35.191035,-0.9729369784757302,-0.030134261672235606,0.2552169850301655,0.0029812830870282105,0.09274459666859257,-0.006034495929120338
10:09:35.212419,-0.9710468788385384,-0.03012845703384226,0.2585156416299183,0.0030270410143170296,0.09338941024296679,-0.006025671844531351
10:09:35.233994,-0.9690676233094226,-0.030121633255982223,0.261877909812589,0.003072014859402833,0.09372631837139041,-0.005994069348199523
10:09:35.258238,-0.9666885754036456,-0.03010984836265303,0.2657751978034867,0.0031958738356696235,0.09400289705507095,-0.005978001076070162
10:09:35.281999,-0.9644433858156737,-0.030075600677690644,0.2693732914586617,0.0034877803659333333,0.09443410810657706,-0.005922203937515592
10:09:35.307001,-0.9622672093117954,-0.030050940292679275,0.2727983999080042,0.0036507183188220975,0.09509529816465935,-0.005823744055219426
10:09:35.332000,-0.9600439883233115,-0.030037116351301022,0.2761473487833061,0.0038436275779500486,0.09528997677184069,-0.005801761411930668
10:09:35.356999,-0.9577562654243787,-0.03001811148810885,0.27945232924640295,0.004046520302709832,0.09524168607367103,-0.005818620560792437
10:09:35.379320,-0.9557522116766777,-0.03000776620161277,0.2822928697893888,0.004182681749225019,0.09525993155997801,-0.005819553609657933
10:09:35.401167,-0.9535960532772602,-0.029996109754737488,0.28530712612241615,0.004276504243666108,0.09526007723369122,-0.005867316318804275
10:09:35.425512,-0.9510211590716763,-0.029951065947262785,0.28884264544315175,0.004706885719745822,0.0956054381214313,-0.0058086863503451274
10:09:35.446157,-0.9489070543373489,-0.029932226550747273,0.2916798207292782,0.004885835569115025,0.09595713802477446,-0.005741891833409132
10:09:35.467689,-0.9466614521346296,-0.029910554635130197,0.29461960298598877,0.005201617576359406,0.09600183656530181,-0.005668753062792279
10:09:35.490693,-0.9439334998725203,-0.0298874411136708,0.298105384946951,0.005329049793980753,0.09592846254416051,-0.005654679848409292
10:09:35.512691,-0.9416624326487258,-0.02988323519282672,0.3009431484096272,0.005421533625082418,0.09566429542616278,-0.005743633855609571
10:09:35.534718,-0.9392936298187848,-0.029865099272833918,0.30381695624628086,0.0055983877115803405,0.09593272472979494,-0.00577500922352589
10:09:35.557689,-0.9366257889648404,-0.02984777549143209,0.30701024744630495,0.0057050479019174075,0.09601881615434957,-0.005856372855833463
10:09:35.578692,-0.9342306873957639,-0.029830095683107755,0.30982676981413043,0.005878871060404065,0.0962686892212774,-0.005851821198723062
10:09:35.599727,-0.9317643617844066,-0.029806657571257073,0.3126668917603408,0.006308533511979662,0.0964381882761338,-0.005752985628771903
10:09:35.623687,-0.9288473437876014,-0.02976602221438206,0.31598698966285754,0.006766235174904211,0.09645362367624127,-0.00566239186269291
10:09:35.645087,-0.926434472903596,-0.029756021988785155,0.3186821306676304,0.006917907682951393,0.09634870274764164,-0.005689914182207044
10:09:35.666995,-0.9239099871808486,-0.029735281574523098,0.32144626212847466,0.00723958866018307,0.09657967578229293,-0.005674766359576797
10:09:35.689723,-0.9208697138985144,-0.029710423673328087,0.32471189529996053,0.00737872766252019,0.09666535631206738,-0.005698274243469192
10:09:35.712153,-0.9183565551513718,-0.029707667832705596,0.3273571709289215,0.007486935699609215,0.09667606032489459,-0.005763802520406363
10:09:35.733730,-0.9157706659804355,-0.02969141394550497,0.3300232246438669,0.007807120814199228,0.09705203858530165,-0.005718890390792317
10:09:35.756689,-0.9126664049999041,-0.02964171325948012,0.3331305843711005,0.008475924489947736,0.09688416425935441,-0.0055628513250472
10:09:35.777723,-0.9101386890967053,-0.029617001161391755,0.33566708556395397,0.008895730247584567,0.09681080846581351,-0.005701622718706858
10:09:35.799688,-0.9075206404822017,-0.029585469983362235,0.3382930951935877,0.009217040836990768,0.09715112438893946,-0.005785925231841522
10:09:35.820688,-0.9048149917731463,-0.029553492911563572,0.3409341742024607,0.00954241874105464,0.0976828706760982,-0.005852130798179607
10:09:35.841729,-0.9020694962593235,-0.029522031667317292,0.3435687737308459,0.009850835614565973,0.09818539935745467,-0.005901114598072438
10:09:35.865716,-0.8988206008125222,-0.029477800014720695,0.34658799896749964,0.01015974854380092,0.09873512440127867,-0.005969083037382272
10:09:35.887352,-0.8961738512050317,-0.029451849395938458,0.34898327673734314,0.010417153068605746,0.09915810172672336,-0.0060906047240160835
10:09:35.908938,-0.8933859052026465,-0.029445345486401393,0.3514970772777291,0.010628411386943934,0.09936013684441143,-0.006103431808493883
10:09:35.931694,-0.8900695937102848,-0.029418158046150323,0.3543827018956636,0.011000751891268331,0.09958809003614871,-0.006121125439871754
10:09:35.955568,-0.8873430379716462,-0.02941659971093488,0.35673483482323237,0.011184236177589653,0.09969887612934064,-0.006203158585033467
10:09:35.978488,-0.8842205018749655,-0.029412624934666627,0.3593683670787062,0.011398138425014762,0.09956844000864211,-0.006312120411457458
10:09:36.003689,-0.8808642244780929,-0.029393727236027314,0.36209248078590944,0.011663359959663977,0.09949340718785858,-0.0064397453455163605
10:09:36.024693,-0.8780516423829395,-0.029388257695186333,0.36433978552533014,0.011774288383331784,0.09947959380766748,-0.00657958077327328
10:09:36.045703,-0.8750834160687115,-0.029387140008175557,0.3666772802434701,0.011937784554754518,0.09940655440749556,-0.006669844329682212
10:09:36.067729,-0.8720748593591875,-0.029376397076196926,0.3689775237115226,0.012066751448942642,0.09975683357073303,-0.006743188908610846
10:09:36.091688,-0.8684808176749151,-0.029346093700395662,0.37163084567764304,0.012253640781611041,0.09982773303184093,-0.00677625498772911
10:09:36.112729,-0.8655536038248757,-0.02932652054176606,0.37374850128762094,0.012534787084844325,0.10007405595079906,-0.006920237916302696
10:09:36.135726,-0.8619899679457655,-0.02930188736936842,0.3762680889084001,0.012837517619344933,0.10010914259891909,-0.006999767621072293
10:09:36.157729,-0.8590880296258571,-0.029287223835232846,0.37827410635485886,0.013013912657904822,0.1004086260294539,-0.00713945512535525
10:09:36.181737,-0.8555317536266476,-0.029274540750230227,0.3807078044078485,0.013230115936844814,0.10056681337503703,-0.007169283866668624
10:09:36.204691,-0.8525599254842234,-0.029266634737335772,0.3827168402420963,0.013393055367585217,0.10049902840666876,-0.00728974970039842
10:34:04.991656,-1.015886568461507,-0.02989170497846409,0.06416322814170133,-0.0002871902560424133,0.01381449796455481,0.0005947044004518845
10:34:05.013248,-1.0159872629495208,-0.029779405443133983,0.06452858443843303,-4.1398118171938685e-05,0.017077749687672332,0.0007246176954252482
10:34:05.034168,-1.016725315004311,-0.029694929274866843,0.06556347077456431,0.00015166784640798623,0.02422040828178744,0.0005731151808914532
10:34:05.057126,-1.018560656967112,-0.029794613115443052,0.06726210067368275,8.819967711872991e-05,0.037995476317627015,-0.0004777850318905731
10:34:05.079516,-1.0203397525909148,-0.030037320462233473,0.06885676300020771,-0.00012245380575329301,0.05120088825389209,-0.0021922486126585675
10:34:05.100598,-1.0218427734775637,-0.030263763022025117,0.07124001837285882,-0.00033118201288853384,0.0614174867181537,-0.0036580079888167516
10:34:05.121608,-1.0227476487936795,-0.03040099165256902,0.07431164249252342,-0.00041404006415051803,0.06802520051867529,-0.004572399990355077
10:34:05.142252,-1.0230598294181221,-0.030418165075680473,0.07799011385635135,-0.00019685603663792091,0.07067705254884536,-0.004946348262143731
10:34:05.165266,-1.0229911756061179,-0.03038466749078608,0.08257368178642947,0.00016030238856898723,0.07174016526736536,-0.005126696986387211
10:34:05.187460,-1.0228272692840097,-0.030380854545018356,0.08620454922016374,0.0003392382520375664,0.07249918155304444,-0.005252472508509154
10:34:05.208440,-1.0225925174436565,-0.030378827651107207,0.0899585887751462,0.00045642405126528274,0.07314242904972464,-0.005336579298993095
10:34:05.230895,-1.0223346512542788,-0.030370798257194943,0.09382313827864494,0.0005594245314669956,0.07371519991348174,-0.005455418733796539
10:34:05.253627,-1.022039577952726,-0.030353276569997496,0.0981381717521406,0.0006805199604361782,0.07433310569316973,-0.005464132531402632
10:34:05.274550,-1.0216893731196541,-0.0303483745859778,0.10187750970768275,0.0007491397512400216,0.07488761292363486,-0.00542360396604372
10:34:05.295569,-1.0213198259520662,-0.030347100277030088,0.10569415042104054,0.0008347769567931863,0.07552463214525094,-0.0054171764553690065
10:34:05.316920,-1.020911339246527,-0.030345103317836512,0.10956736492881552,0.0009086995839583078,0.07620333940979074,-0.0054347289751749414
10:34:05.338136,-1.0204581617605453,-0.030346106526580412,0.11346740406256467,0.0009602450346379456,0.07688316150580728,-0.00546435048740113
10:34:05.359264,-1.0199575961318719,-0.030348154349277647,0.11738205416626435,0.000989868640428897,0.0775309026724325,-0.005495708585050266
10:34:05.380374,-1.0193902159895307,-0.030349379999264396,0.12132543488067994,0.0010250970543912831,0.07797580604165015,-0.0055278710543992535
10:34:05.402649,-1.0186553774258986,-0.030340179896115975,0.12595277013604253,0.0011434147996626364,0.07818289226385272,-0.005558062746150484
10:34:05.425662,-1.018037984794353,-0.030350875343528285,0.12957256467005113,0.0010682686047091903,0.07875071699360532,-0.005569570166782905
10:34:05.446823,-1.0173315879580132,-0.030354101924758143,0.1333223025355415,0.0010527860648574564,0.07909097550225629,-0.005572074632946045
10:34:05.468359,-1.016556585285957,-0.03035130162994652,0.13716433884282808,0.001128215636667716,0.07929441835549073,-0.00560564912052659
10:34:05.491081,-1.015615277172008,-0.030339090915641572,0.14170222478521707,0.0012695233661093282,0.0794056210583267,-0.00564779100970601
10:34:05.512129,-1.0148451116004003,-0.030344223955425766,0.1452684136104989,0.0012471939497469306,0.07996904332761554,-0.005649849318391894
10:34:05.534835,-1.013990051975585,-0.03034737752864085,0.1489750517456815,0.0012462916561217466,0.08034118411620138,-0.005646007971352528
10:34:05.556039,-1.01305139680225,-0.03034032977226499,0.15278205279562526,0.0012934385353768755,0.08047049883636144,-0.005641493573136262
10:34:05.578411,-1.0119787690139082,-0.03032962080015571,0.15720222411785195,0.0014159311526534078,0.08098983049537611,-0.005704286760162042
10:34:05.601395,-1.0110773930977022,-0.03032688882055974,0.16071300448216486,0.001375491919091679,0.08166026606916008,-0.0057416195948062545
10:34:05.622577,-1.0100536362556534,-0.030325317222390763,0.16437960177383568,0.0013788114853247792,0.08196676891942781,-0.005763172028416604
10:34:05.645091,-1.0088412960263191,-0.03031742102244615,0.1686846060694267,0.0013784838262823741,0.0825538506175483,-0.005773520943405108
10:34:05.666405,-1.0077933828188579,-0.03031851568784823,0.1721861215714395,0.0013688682345542604,0.0828790830189537,-0.00579187042691277
10:34:05.687595,-1.006667150719379,-0.030315349867625237,0.17578056178897045,0.0014274477552531826,0.0833254910550561,-0.005821669166430405
10:34:05.709286,-1.0055322956862873,-0.030288672035362844,0.17948326132948156,0.0015478222689214608,0.08358248313252958,-0.005772199680537821
10:34:05.731103,-1.004400744124593,-0.03025807329706511,0.1832160927516845,0.0016560906043098472,0.08406911275864379,-0.005715717040468382
10:34:05.751616,-1.003256152221573,-0.030241987774165247,0.1869368556194654,0.0016923853646567358,0.08480512443820276,-0.005660128510211999
10:34:05.774851,-1.0019878301400942,-0.030212529479732866,0.19101848477534694,0.001806179216141316,0.0855467736980574,-0.00563777738554897
10:34:05.796390,-1.0007658013442007,-0.030201254600904275,0.194603737896016,0.0018251731419016803,0.08604005920548907,-0.005550651483739283
10:34:05.818059,-0.9994530787903279,-0.030195301450770557,0.19827461310959502,0.0018469597586471057,0.08622604823796783,-0.005498519621368334
10:34:05.838331,-0.9981291642711176,-0.030186696373495723,0.2019143777993584,0.0018802558762065753,0.0868614018539751,-0.005460267204583226
10:34:05.860287,-0.996793108883968,-0.030175071674685354,0.20555386962357305,0.0019377471617161284,0.08758651305283577,-0.005406365172512651
10:34:05.883299,-0.9951580320131643,-0.030153280514116167,0.2098310223376961,0.00202923721186305,0.08797637241586209,-0.00534713129007243
10:34:05.904212,-0.9937948732616616,-0.030146878349937314,0.21321423209607598,0.002060613047411661,0.08854438690224346,-0.005327994667174094
10:34:05.926213,-0.9923178305592553,-0.030144124767269662,0.21672272255277386,0.0020687772932759026,0.08886833160396984,-0.005322500548183685
10:34:05.947292,-0.9907786783606007,-0.0301318563437248,0.22028289584968314,0.0021849052308912814,0.08923092906034474,-0.005405991319075079
10:34:05.967650,-0.9891811023074834,-0.030123111106454634,0.2238852403959888,0.0022059023683205377,0.08952426379949215,-0.005459632217395572
10:34:05.991145,-0.9873111521774569,-0.03011691909703604,0.2280105802413811,0.0022456832645186687,0.09010576066993448,-0.005503741623698032
10:34:06.013548,-0.9857725785267907,-0.030121855932648767,0.23129467908173026,0.002185902429875634,0.09079292295816949,-0.005485082402693137
10:34:06.034250,-0.9841210213737868,-0.030113106206241493,0.23470000809224884,0.00228242449906135,0.09124491103626683,-0.005436342562752277
10:34:06.055278,-0.9824233232953693,-0.030092418071596686,0.23814568152984789,0.002372937277119141,0.09176260900346664,-0.005398531029986681
10:34:06.075662,-0.9806596588232028,-0.030071548646989788,0.24163741016835216,0.0024677091028827984,0.09209831021787805,-0.005332049291291425
10:34:06.097137,-0.978818154618499,-0.030050984133162446,0.2451528420016023,0.0025497378414120024,0.0922470620054173,-0.005276555303247666
10:34:06.117476,-0.9769183178914653,-0.030036001164287097,0.24866635996882772,0.002609672577364783,0.09232139239777915,-0.005237573128446192
10:34:06.138923,-0.9749767983691188,-0.0300207590489566,0.25216639036050675,0.0027014453499501624,0.09237374702852713,-0.0051979900313201075
10:34:06.159633,-0.9730497481079011,-0.029997792302091864,0.255603242586262,0.0028954961194273664,0.09285316921745576,-0.005253375116730752
10:34:06.181296,-0.9710804801209281,-0.029988486833147834,0.2590449832919453,0.0029152797059506788,0.09317671518391084,-0.005201657556318826
10:34:06.205821,-0.9688695380347467,-0.02997780119915,0.2627845933844778,0.0029664007836619627,0.09332013928831191,-0.005173322640769418
10:34:06.226455,-0.9668497666616412,-0.029974029464053985,0.266073257895048,0.0029893771633253594,0.09339095392338627,-0.005158574056901987
10:34:06.249166,-0.9644914795273943,-0.029959464708999035,0.2698579886511251,0.003153580185609143,0.09394456510758327,-0.005138430139481978
10:34:06.270320,-0.9625533368398483,-0.02995098417671695,0.27291316002807237,0.0033057190910599416,0.09452376390216594,-0.0051398147262353274
10:34:06.291794,-0.9604835712296241,-0.029952035701775275,0.2760724782303369,0.003281774087371248,0.0949577735730175,-0.005104774373652458
10:34:06.312568,-0.9583161028292915,-0.02995191828995754,0.2792902237486178,0.0033273546717121887,0.09523285263806296,-0.005068684844397399
10:34:06.334208,-0.956063814742535,-0.029938270684570226,0.28253723940611997,0.003443166183174404,0.09532048128114472,-0.0050842450880739356
10:34:06.357205,-0.9533862516183244,-0.0299137111241505,0.2862906573663439,0.0035754089981294298,0.09523664882188783,-0.005091829817751993
10:34:06.378296,-0.9511931979189516,-0.029902857497221515,0.28928627190647255,0.003693155215545081,0.09522658751990822,-0.005101588905602686
10:34:06.400954,-0.9489432885776272,-0.029882342030264384,0.2923034776000582,0.0038247179558862556,0.09569778251307279,-0.005091715688771504
10:34:06.421925,-0.9466168146569435,-0.02987234649934526,0.2953666393067958,0.003983694296479221,0.0956845596721977,-0.0051267116808112355
10:34:06.445109,-0.9438228406824963,-0.029852796304582,0.29894347112674013,0.004182088101230651,0.09545836386071353,-0.005124614391902711
10:34:06.466529,-0.9415632380630908,-0.029834153916868358,0.30175375518196534,0.004295738990863475,0.09569767934722109,-0.0051170865221297655
10:34:06.487316,-0.9392039228543668,-0.02981078297855229,0.304646903621872,0.004678914453587443,0.09575516848034653,-0.0051121254329718445
10:34:06.509406,-0.9367642867627382,-0.02979949755089704,0.307624900596567,0.004939393511360469,0.09569442417280177,-0.0052223173469757985
10:34:06.529923,-0.9342527158913648,-0.029798866158036008,0.3106473312196066,0.005178884815258022,0.09560638282884709,-0.005410207281546049
10:34:06.552054,-0.9316711038814433,-0.029792289440213716,0.3136681706458417,0.005389453041698997,0.09553174903791901,-0.005429602278130317
10:34:06.574282,-0.9286400721984448,-0.029762441595354037,0.3171248218223746,0.005610545195636453,0.09556500486549295,-0.005379909896812987
10:34:06.596229,-0.9262270955492964,-0.029738146818245298,0.3198333960824472,0.005818565483203934,0.0958783876992334,-0.005395988369868147
10:34:06.617434,-0.9236945335474283,-0.029730584618227956,0.3226414534550911,0.005839223502683106,0.09601450664825643,-0.0053940737508243195
10:34:06.638909,-0.9210941234114676,-0.029714881884985927,0.3254381973780217,0.00600500637348153,0.09645420067354744,-0.0053022469793098555
10:34:06.659072,-0.9184578487384838,-0.029693599674385382,0.32819533881243246,0.006260598695782562,0.0967208643795934,-0.005233924705823298
10:34:06.680264,-0.9157547412054613,-0.029687452899719594,0.3310028796395538,0.006331066390764204,0.09671544564407321,-0.005284706174481074
10:34:06.700894,-0.9129921583766448,-0.029682275121956203,0.3338154162994997,0.00650738778097834,0.09670699946435195,-0.005364074783319272
10:34:06.722383,-0.9102078170674914,-0.02965814005792254,0.33654240212672404,0.006750046802779246,0.09691887391033073,-0.005331150573001114
10:34:06.743162,-0.9073748997706003,-0.029640843776803535,0.33925708586283054,0.006884866254964754,0.09686141467228629,-0.005346982105932421
10:34:06.764274,-0.9045074673011432,-0.02963549273835024,0.34198383792052267,0.006996262667474289,0.09673240186414546,-0.00541528548411017
10:34:06.787276,-0.9013358427050994,-0.029622316307330317,0.34493405840957453,0.00720942896132045,0.09650085330782855,-0.005457667336081283
10:34:06.807797,-0.8985200317892248,-0.029621932722323656,0.34754091213482907,0.007253634602717938,0.09637442374803262,-0.005576463646606118
10:34:06.829501,-0.8956518370719412,-0.02959561528251776,0.35010724601795373,0.007575260624728895,0.09663968034386798,-0.005469728054965375
10:34:06.850239,-0.8927540363947768,-0.02955664245310437,0.3526178686496537,0.007928203927498535,0.09690965394768955,-0.005330845884556635
10:34:06.874419,-0.8893408834988616,-0.02952402199983492,0.3555306190213989,0.008176220156690759,0.09689846009047495,-0.0053654851725522725
10:34:06.895355,-0.8866251797224072,-0.029496476051255705,0.35788640585157516,0.008490118878086489,0.09721011762203507,-0.005362686537287091
10:34:06.916581,-0.8838258801119829,-0.029475243555450854,0.3602931285845852,0.008824070926080922,0.09772841144011635,-0.005429412306994758
10:34:06.936975,-0.880953407838494,-0.02946377448106894,0.36271496281393895,0.00915149155155669,0.09821161248576753,-0.005490673365559544
10:34:06.958339,-0.8780069511371742,-0.02944548631904588,0.3651224217548728,0.009329927978040789,0.09883863195180811,-0.005548498928355339
10:34:06.980870,-0.8749903816619382,-0.02941941742256017,0.3675015941300239,0.009653475675509515,0.09922095588700314,-0.005624205717924114
10:34:07.001973,-0.8719364461394895,-0.02939639486674575,0.3698323098320696,0.009932001534718028,0.09950337029134061,-0.005655009716609047
10:34:07.025190,-0.8683146781652931,-0.029358524994534455,0.37250594854422303,0.010360527233649408,0.09931645150091242,-0.005670871447573175
10:34:07.046459,-0.8653695368995821,-0.029334540913706034,0.3746243102484954,0.010580501514361839,0.09951936071275125,-0.005825459643839869
10:34:07.068566,-0.8623033354121195,-0.029318746411036514,0.3768240865458227,0.010750766841738263,0.0995894704594131,-0.005879704460426641
10:34:07.089565,-0.859164043075138,-0.029303630374432434,0.37902263483795456,0.010961994103151454,0.09984968849865156,-0.00594251692858529
10:34:07.112246,-0.8554425037856759,-0.02927866831133018,0.38155976890747567,0.01114574241200086,0.0999166689858511,-0.005976758491923158
10:34:07.134080,-0.8524433503799254,-0.029262800528855683,0.3835528866202974,0.011348835977001346,0.10025607284506136,-0.006087387648595384
01:14:22.465098,-1.2900778593996984,0.15403728726202995,0.3725299115885476,0.014863552085973848,0.2530781615475746,0.024070187328995834
01:14:22.937690,-1.289415995534593,0.15433002041351662,0.3735401550504477,0.016139291786827277,0.25593868026646277,0.02306134667397788
01:14:23.409026,-1.2895322800553826,0.15479832047467415,0.37482379239628244,0.017375012147683992,0.258353444920981,0.021961178220527965
01:14:23.874986,-1.2905495787170693,0.15554062405598776,0.37632563059254204,0.018472988015145835,0.2604001452627902,0.02083037382895781
01:14:24.342181,-1.292290922486901,0.15662373859517123,0.37784056329489024,0.019236032803262602,0.2618762364284204,0.019900460813406788
01:14:24.809045,-1.2945525191436125,0.15795938758486025,0.3792927467009627,0.019571793283295127,0.26284460447427366,0.01914881836906368
01:14:25.278401,-1.2972161552889028,0.1596028340145253,0.38049793518596886,0.019379218449602185,0.263249661425826,0.018675464886521418
01:14:25.741644,-1.3001632737979463,0.16151484857294526,0.3813213886146341,0.018640640747365253,0.2632069677945228,0.01845904764479695
01:14:26.206076,-1.3032341902414215,0.1634711200696938,0.38178271590505614,0.017463731585195354,0.26271818051546797,0.018272509097376835
01:14:26.669779,-1.3061390400972954,0.16540694641122866,0.3820121275228974,0.01582625977733448,0.2617656434479737,0.018160908897829522
01:14:27.136792,-1.3088020746036666,0.16722874692075643,0.38200579510973565,0.01399785451505595,0.2605471055840231,0.017994349596593264
01:14:27.601914,-1.3109884043771292,0.16891266208845665,0.38192170958015875,0.011884662516619893,0.2588227874311079,0.01771911115344563
01:14:28.064477,-1.3126012851829187,0.1704983193166638,0.38184417321072117,0.00955242645317404,0.25696209597169445,0.01733457198262304
01:16:16.010861,-1.202096259658494,0.07518919369275463,0.3141366492446271,-0.03768803330968772,0.028207152423094333,0.05212152643375885
01:16:16.504470,-1.2022280799280547,0.07418023464009525,0.31431434134336,-0.03549534922658815,0.027585120256722082,0.0516391505711669
01:16:16.998716,-1.202951546261902,0.07313320561734019,0.3143027076096156,-0.033502444476246875,0.025879416352342248,0.051350791902348855
01:16:17.494140,-1.2043606464193626,0.07222657536266251,0.3143204380956759,-0.03210143287207923,0.023316541256193528,0.05135921380765097
01:16:17.989752,-1.2061678665583713,0.07147658178250878,0.3144954680159535,-0.031458471379952994,0.020185193119013903,0.051675300658364426
01:16:18.483910,-1.2082675995890302,0.07105306677831316,0.3148273954267326,-0.031503516241967455,0.01676437784277897,0.05217291993666679
01:16:18.979216,-1.2104283644912655,0.07106779602450963,0.31503785782576826,-0.03200840176790265,0.013279009074653481,0.05293574434059148
01:16:19.473650,-1.2124096242624876,0.07141409851407182,0.31513753414262735,-0.03298662889258092,0.009951836871897001,0.053793922563291116
01:16:19.996111,-1.2141331557878163,0.07193205636010684,0.31521618887181546,-0.034283074559289514,0.0069567277154811225,0.05446910250431558
01:16:20.491226,-1.2153508560411892,0.07244854126656881,0.315205574006948,-0.03564915099834445,0.004661625753184766,0.054709002512188375
01:16:20.985582,-1.2158258106350128,0.0729469258407089,0.31555698006812727,-0.03687146205621937,0.0029537560670481033,0.054432791176587204
01:16:21.478691,-1.2158673471534416,0.07389737231511669,0.31612399011961456,-0.03823781914389063,0.0016373088761563247,0.054239396768311646
01:16:21.972654,-1.2160035950909809,0.07520536441350625,0.3162830607041646,-0.039637587725009006,0.0008112386986756005,0.05390548952567746
01:16:22.467187,-1.2162174592776127,0.07677199069513269,0.31609547504437635,-0.04125372736017723,0.00014764914311604435,0.05353255340918451
01:16:22.962305,-1.2163645497202933,0.07820090822533843,0.3155596130536586,-0.042926505593542635,-0.00036452982820994593,0.05273829274663614
01:16:23.459265,-1.2162796428149631,0.07937317999191046,0.315329323031906,-0.04462399882102545,-0.0010327710595749605,0.05183094312819395
01:16:23.955525,-1.2161503252196328,0.08020163372434745,0.315553471263014,-0.04601497695658112,-0.001840533348782534,0.050894451418165364
01:16:24.451797,-1.2161040584608092,0.08080789498408177,0.3161441803569584,-0.04700610400320783,-0.002704064454049625,0.05015007198038021
01:16:24.946298,-1.2162974792455241,0.08124444049627787,0.31700886677624024,-0.0478120906051798,-0.0038121034140886525,0.04975377268024365
01:16:25.441138,-1.2165563202644258,0.08155635185463102,0.3176077557670845,-0.048425080244972725,-0.004826386657531076,0.049741161227551366
01:16:25.934736,-1.2169520965263791,0.08177779065183007,0.3178968806729417,-0.048925446231846824,-0.005958629325773277,0.04991724439398026
01:16:26.428913,-1.217483399399347,0.08214574601872088,0.3180005833622608,-0.04955034915055077,-0.007312756987206669,0.05048471312143138
01:16:26.922658,-1.2178865970880182,0.08245402916223098,0.3181102522380139,-0.05033548518059952,-0.008792171284412292,0.05128674539457776
01:16:27.417199,-1.218170155877486,0.08260332414814607,0.3182442380058455,-0.051146548637480194,-0.01003681320446844,0.051959953441988525
01:16:27.911165,-1.2184818270255746,0.08271187150897666,0.31847344130299227,-0.05187618330319395,-0.011198358760951712,0.05227434079211739
01:16:28.405094,-1.2187947948770448,0.08299845510193084,0.31876811916422537,-0.05249882916237917,-0.01239076357088811,0.05243236398267044
01:16:28.898801,-1.218889700495224,0.08342845568738054,0.3192475319859302,-0.053237712821919254,-0.0135663962670301,0.052538769603844036
01:16:29.392507,-1.2188716280466592,0.08384275921131705,0.319758894220364,-0.05392629223913282,-0.014490972316361548,0.052436894326887716
01:16:29.886352,-1.218752615422321,0.08435500135042547,0.3203874718352491,-0.05480886691005961,-0.015304983733593274,0.05239450579334157
01:16:30.379485,-1.2187213617704438,0.08495031226154587,0.32065730091313743,-0.055412331547444765,-0.015744691621163754,0.05222830545681769
01:16:30.872824,-1.2186874360322622,0.08556418498201464,0.32111847879092037,-0.05613935010570812,-0.016304217361037574,0.05194638114012511
01:16:31.364328,-1.2188410252053878,0.08640575694581161,0.32112278627572266,-0.05654288776788618,-0.016649420406624076,0.05172548286081191
01:16:31.856896,-1.2189025078890277,0.08716909655060978,0.32075747771830115,-0.056533653300669694,-0.01700895674173145,0.051478423364695144
01:16:32.349013,-1.2186356852974782,0.0876396690481741,0.3208847721914533,-0.05684285518437768,-0.01774447408886161,0.05144853156644121
01:16:32.839363,-1.2181142510443037,0.08804969474708821,0.3216055238526602,-0.05739565902100494,-0.018588110507826525,0.05171364683036779
01:16:33.330581,-1.2176190765352588,0.08845246250150343,0.32272825324064236,-0.05802655540823428,-0.019422869916241304,0.05204068162595654
01:16:33.822476,-1.2171235885961005,0.08883955786570527,0.32384365936912,-0.058790411033984524,-0.019971690756819174,0.05245705512426884
01:16:34.313857,-1.2167855392235984,0.08928316657621138,0.32471515171454135,-0.059473993368243945,-0.020383355198782215,0.0528336479056582
01:16:34.804034,-1.2165033956950346,0.08977256666097715,0.3253311364555591,-0.0600639400616297,-0.020696454389261026,0.05316888425617271
01:16:35.295145,-1.2162231202482505,0.09010794201465777,0.3258978583336728,-0.060764074956536164,-0.021182610363831303,0.053292737686818456
01:16:35.785301,-1.2162385675149356,0.0900433504342677,0.3258544624353935,-0.061308478876302704,-0.0211282904787989,0.05271250958730373
01:16:36.274452,-1.2162377869878285,0.09010387941758873,0.32589233514702537,-0.061964974398887755,-0.021238013892918045,0.05191580528760291
01:16:36.761481,-1.2162145722659647,0.0905488855405736,0.3263537026024856,-0.06263341439543425,-0.021706819625837866,0.05111604072222383
01:16:37.247627,-1.216078858305302,0.09132305163549996,0.32717161070146544,-0.0635196377345912,-0.02228712969756343,0.05049563153785899
01:16:37.731802,-1.2159686945161157,0.09227233525008037,0.32802745364181046,-0.06464739304035733,-0.022602465805482412,0.05005898710166329
01:16:38.214199,-1.2159673027664375,0.0932832388099178,0.3288634562804675,-0.06609717851786745,-0.0228329507131958,0.0496768817423906
01:16:38.694498,-1.2160947183608013,0.0943987002334402,0.32956056380204746,-0.067808569977361,-0.02298017131316904,0.04926189085887757
01:16:39.174800,-1.2163488703357268,0.09565914774290252,0.33006767479729787,-0.06949124896106658,-0.023118545402255504,0.048643357960075975
01:16:39.654754,-1.2169979290072992,0.09707897685617384,0.3305594952794988,-0.0713627186124598,-0.023447100930553216,0.04774210030279967
01:16:40.136903,-1.2179672587384123,0.09845248876053413,0.33131887659958753,-0.07352607756837126,-0.02435227715542561,0.046640049904113565
01:16:40.620735,-1.2187486898311777,0.09965232438796227,0.33210357363520243,-0.0758724757246463,-0.025414294544868137,0.045287127233977334
01:16:41.103902,-1.2191820406039324,0.10075646815599944,0.3326411607456004,-0.07794181022411134,-0.026286499103720183,0.04386339539756721
01:16:41.585614,-1.2191572586708805,0.10172927688526177,0.3329975576418226,-0.07953268665102517,-0.026740893005186412,0.04245333874491744
01:16:42.065807,-1.2187667999078327,0.10253059512724677,0.3332118040870599,-0.08061600024966806,-0.026652378692319713,0.04115284953155268
01:16:42.547115,-1.2181714254106026,0.10310764229572666,0.3335436021323471,-0.08129378564486019,-0.02619205273570594,0.039969147757483676
01:16:43.027337,-1.2175119674575148,0.10350116207214591,0.33411026302572305,-0.08174980367013263,-0.025631770014674173,0.03903060511936179
01:16:43.506921,-1.2169667138275488,0.10381488952481573,0.33485578842373226,-0.08209485390344716,-0.025102139093204672,0.03841986878180333
01:16:43.996735,-1.2166379632092181,0.10415601115431662,0.33557404003613767,-0.08241276141293145,-0.02461674310550663,0.03819935178655122
01:16:44.475399,-1.2164446972946201,0.10449307268683411,0.33632915227097754,-0.0828528219719066,-0.024463338279061303,0.038233605177792465
01:16:44.951709,-1.216419807700584,0.10483654417764499,0.3368626298690114,-0.08341114388927248,-0.024487067671177507,0.03849075685489064
01:16:45.427545,-1.2164971049627165,0.10513099904887262,0.3373054966578539,-0.08400839316761394,-0.024726368990840464,0.03879350216471854
01:16:45.901947,-1.2166527906040807,0.10551155627282074,0.33760370052431854,-0.08458765038361593,-0.02507240578396763,0.039280506529390344
01:16:46.375571,-1.2168857464160399,0.10588623311426376,0.3380643742931461,-0.08524029714677461,-0.025769335409132715,0.039821364920435746
01:16:46.849507,-1.2171715667246905,0.10629860280597693,0.338382596157814,-0.08588371209571755,-0.026346471769752043,0.04046515102304972
01:16:47.322551,-1.217449103993336,0.1067987005135295,0.3384172621174226,-0.08637207254890505,-0.02658618610039605,0.041222717115387254
01:16:47.795328,-1.21781776481911,0.10734904702055538,0.3380802975531248,-0.08642320141715722,-0.02633300089540272,0.04188185988775843
01:16:48.266727,-1.2180965636324703,0.10784844588585668,0.3381200010225769,-0.08685396535186113,-0.026397368476646532,0.04235493886199851
01:16:48.739036,-1.218113754185598,0.10841773000574922,0.3382544305863034,-0.087630516760364,-0.02625328313113935,0.042764652990520506
01:16:49.210174,-1.2179086858967503,0.10910888763340151,0.33859232963186053,-0.08861677376503974,-0.025959199775801838,0.04306913615133055
01:16:49.680230,-1.2175759384683893,0.1099595260504184,0.3390481526575,-0.08989313497269179,-0.025551509930018552,0.04320271698394032
01:16:50.149089,-1.2169114230395568,0.11091508415962036,0.3397195236740906,-0.09133344173067116,-0.025205763444620475,0.043351824342073596
01:16:50.617608,-1.216062811001038,0.11195790965722997,0.34043403157679064,-0.09279464146522233,-0.024757581139517103,0.04351071993211345
01:16:51.086272,-1.2150706265498419,0.11303104958878178,0.3411288548311382,-0.09418058392031185,-0.024166508488965257,0.043692977894594025
01:16:51.553522,-1.213858136769716,0.11423033448994513,0.3418505138696588,-0.09548080734663983,-0.02358943893342748,0.04414584654962157
01:16:52.022942,-1.2125625436804945,0.11550811241424228,0.342406269376212,-0.09651429352397534,-0.022815408638248748,0.04478296194604311
01:16:52.492597,-1.2109920475671219,0.11689591729402134,0.3424377080363069,-0.09718365685754898,-0.021498128094727644,0.0459533474922772
01:16:52.964476,-1.2091303895572576,0.11801198372075204,0.3423321567307686,-0.09786565461896594,-0.019722869619542387,0.0473981829316431
01:16:53.438767,-1.2070077701587627,0.11852924788911053,0.34278481330237626,-0.09860669993286232,-0.018035385398923007,0.04860709896783333
01:16:53.915859,-1.20490637963464,0.11866722849459935,0.34371489211620077,-0.09918111959890356,-0.016454725186360753,0.049651146081069464
01:16:54.388901,-1.2031500310408474,0.11854098485324166,0.34452640419493785,-0.09924657617338901,-0.01458704398078389,0.05035135512376308
01:16:54.862026,-1.2016349522901053,0.11836800094103384,0.3447630418397024,-0.09866100897670321,-0.012310101662346135,0.05096769752408073
01:16:55.337733,-1.199866922331326,0.11821832903341838,0.344570369044826,-0.09782978171319144,-0.009622785814866898,0.051879527515050816
01:16:55.814544,-1.1978404843532626,0.11786379479017145,0.3447333713051337,-0.09721548679739914,-0.0074726809992655815,0.0527452277407217
01:16:56.291211,-1.1953759605382257,0.1174186015954233,0.34539483393086634,-0.09687773858402421,-0.005760896763137961,0.05413290449315993
01:16:56.767976,-1.193017800740043,0.11663687178228686,0.34639807358098285,-0.09662515591358631,-0.004409190933255385,0.05547301225859705
01:16:57.243736,-1.1912762421081213,0.11579317100014734,0.3476443674948087,-0.09645305278550802,-0.003464298896989917,0.05644714347502067
01:16:57.716750,-1.1901726255180827,0.11524315566993266,0.34866417985806636,-0.0961181227909227,-0.0026738506559514227,0.057274939466783054
01:16:58.189129,-1.189635258238582,0.11519734193667096,0.34922158181167373,-0.09579471456358878,-0.0021587533293245366,0.058090522418188587
01:16:58.660445,-1.1893425153889994,0.11547395981810961,0.34949824945431773,-0.09589306346601235,-0.002055783085929396,0.05892183841956852
01:16:59.132655,-1.188970681604287,0.11588785624030411,0.34971569934282315,-0.09641476950083669,-0.0022218473858564994,0.059778223025809964
01:16:59.605032,-1.1885045266280831,0.1163374923179659,0.35009648358231205,-0.09735566620355293,-0.0025863877148346163,0.060410069691478524
01:17:00.078024,-1.1879571914844442,0.11678715588663961,0.35053190763724895,-0.09838206098121519,-0.0027139470398100376,0.06078453616054413
01:17:00.550211,-1.1873286263365574,0.11734951514221202,0.3509412970581082,-0.09936209252081765,-0.0025128951232178775,0.06097552714383786
01:17:01.022123,-1.1864679306710684,0.11792711933202124,0.3514000257582062,-0.10035297597249651,-0.001981170141938252,0.06108366663319221
01:17:01.494098,-1.18545446690312,0.11851754505127146,0.35186166527107127,-0.10129581321245226,-0.0010438771670423996,0.061066223061656315
01:17:01.964871,-1.184195856488412,0.11906108138348637,0.3523810228885059,-0.10219018640327485,0.00013405366202876294,0.06097505830596914
01:17:02.434947,-1.1827188861483011,0.11953246534374203,0.35301179472656874,-0.10303829238903311,0.0014079959721445658,0.0608152015717263
01:17:02.904925,-1.1810948706227915,0.11995323575782932,0.3537384657966748,-0.1038018606635752,0.002681418506532451,0.06062173054916816
01:17:03.375643,-1.1793948457022478,0.12036396660762645,0.354408322115231,-0.10437044933201536,0.004015556482885631,0.060432730701589714
01:17:03.845413,-1.1776737637163803,0.12077457313341194,0.35502483938170637,-0.10483661814770652,0.005506519067428438,0.0603574299557655
